"id","user_id","spiel_id","heimtipp","gasttipp","punkte","created_at","updated_at"
104,10,17,2,1,0,"2026-03-22 17:38:45.382321","2026-03-28 15:07:12.839502"
245,5,17,1,0,0,"2026-04-03 08:47:38.020942","2026-04-03 08:47:38.020942"
108,10,22,1,1,0,"2026-03-22 17:38:46.406299","2026-03-28 15:07:14.507629"
254,7,17,1,1,5,"2026-04-03 18:16:29.744186","2026-04-03 18:16:29.744186"
249,5,22,1,0,0,"2026-04-03 08:47:39.699142","2026-04-03 08:47:39.699142"
258,7,22,2,1,0,"2026-04-03 18:16:31.045335","2026-04-03 18:16:31.045335"
95,2,22,2,2,0,"2026-03-22 08:47:46.390406","2026-03-22 08:47:46.390406"
91,2,17,3,1,0,"2026-03-22 08:47:45.267086","2026-03-22 08:47:45.267086"
116,3,21,2,2,3,"2026-03-23 14:02:38.318489","2026-03-23 14:02:38.318489"
112,3,16,2,3,3,"2026-03-23 14:02:37.572106","2026-03-23 14:02:37.572106"
121,6,16,2,0,0,"2026-03-28 11:00:53.851583","2026-03-28 11:01:04.531432"
262,9,16,2,2,0,"2026-04-04 08:28:41.216225","2026-04-04 08:51:49.756247"
280,8,16,1,1,0,"2026-04-04 08:48:29.124716","2026-04-04 08:48:42.726886"
103,10,16,1,2,5,"2026-03-22 17:38:45.091217","2026-03-28 15:07:12.53963"
244,5,16,0,1,3,"2026-04-03 08:47:37.560147","2026-04-03 08:47:37.560147"
125,6,21,0,1,0,"2026-03-28 11:00:55.286121","2026-03-28 11:01:05.705683"
266,9,21,1,2,0,"2026-04-04 08:28:42.246434","2026-04-04 08:51:50.728375"
323,11,21,2,2,3,"2026-04-04 19:45:09.696974","2026-04-04 19:45:11.393696"
253,7,16,1,1,0,"2026-04-03 18:16:29.310157","2026-04-03 18:16:29.310157"
90,2,16,2,1,0,"2026-03-22 08:47:44.957248","2026-03-22 08:47:44.957248"
114,3,18,3,1,0,"2026-03-23 14:02:37.943987","2026-03-23 14:02:37.943987"
123,6,18,1,0,0,"2026-03-28 11:00:54.631849","2026-03-28 11:01:05.121003"
285,8,21,1,2,0,"2026-04-04 08:48:30.396179","2026-04-04 08:48:43.758049"
107,10,21,1,1,5,"2026-03-22 17:38:46.11061","2026-03-28 15:07:14.176781"
264,9,18,2,1,0,"2026-04-04 08:28:41.627361","2026-04-04 08:51:50.162721"
248,5,21,2,0,0,"2026-04-03 08:47:39.418685","2026-04-03 08:47:39.418685"
257,7,21,2,2,3,"2026-04-03 18:16:30.806516","2026-04-03 18:16:30.806516"
94,2,21,0,1,0,"2026-03-22 08:47:46.08226","2026-03-22 08:47:46.08226"
118,3,23,3,2,0,"2026-03-23 14:02:38.695609","2026-03-23 14:02:38.695609"
127,6,23,1,1,3,"2026-03-28 11:00:55.774376","2026-03-28 11:01:06.261126"
270,9,23,2,0,0,"2026-04-04 08:28:42.70251","2026-04-04 08:51:51.149772"
110,3,14,1,3,1,"2026-03-23 14:02:37.189422","2026-03-23 14:02:37.189422"
119,6,14,0,2,1,"2026-03-28 11:00:53.065254","2026-03-28 11:01:03.931953"
282,8,18,2,1,0,"2026-04-04 08:48:29.797617","2026-04-04 08:48:43.32615"
105,10,18,1,0,0,"2026-03-22 17:38:45.611322","2026-03-28 15:07:13.332803"
246,5,18,1,0,0,"2026-04-03 08:47:38.729823","2026-04-03 08:47:38.729823"
255,7,18,1,1,3,"2026-04-03 18:16:30.066349","2026-04-03 18:16:30.066349"
92,2,18,4,2,0,"2026-03-22 08:47:45.571215","2026-03-22 08:47:45.571215"
115,3,19,2,0,1,"2026-03-23 14:02:38.136693","2026-03-23 14:02:38.136693"
278,8,14,1,3,1,"2026-04-04 08:48:28.692602","2026-04-04 08:48:42.147528"
101,10,14,1,2,3,"2026-03-22 17:38:44.584647","2026-03-28 15:07:11.780197"
242,5,14,0,2,1,"2026-04-03 08:47:36.683892","2026-04-03 08:47:36.683892"
260,9,14,0,3,1,"2026-04-04 08:28:40.422315","2026-04-04 08:51:49.186108"
251,7,14,1,3,1,"2026-04-03 18:16:28.443312","2026-04-03 18:16:28.443312"
88,2,14,2,2,0,"2026-03-22 08:47:44.5432","2026-03-22 08:47:44.5432"
111,3,15,2,3,3,"2026-03-23 14:02:37.382851","2026-03-23 14:02:37.382851"
120,6,15,2,1,0,"2026-03-28 11:00:53.460159","2026-03-28 11:01:04.148831"
279,8,15,3,1,0,"2026-04-04 08:48:28.903603","2026-04-04 08:48:42.502317"
102,10,15,1,2,5,"2026-03-22 17:38:44.873116","2026-03-28 15:07:12.154476"
243,5,15,1,0,0,"2026-04-03 08:47:37.037984","2026-04-03 08:47:37.037984"
261,9,15,3,1,0,"2026-04-04 08:28:40.999901","2026-04-04 08:51:49.556127"
252,7,15,2,0,0,"2026-04-03 18:16:28.846492","2026-04-03 18:16:28.846492"
89,2,15,1,3,1,"2026-03-22 08:47:44.733787","2026-03-22 08:47:44.733787"
113,3,17,2,1,0,"2026-03-23 14:02:37.757227","2026-03-23 14:02:37.757227"
122,6,17,0,1,0,"2026-03-28 11:00:54.241942","2026-03-28 11:01:04.89938"
263,9,17,2,1,0,"2026-04-04 08:28:41.425218","2026-04-04 08:51:49.954882"
281,8,17,1,2,0,"2026-04-04 08:48:29.525671","2026-04-04 08:48:42.947883"
124,6,19,2,2,0,"2026-03-28 11:00:55.022524","2026-03-28 11:01:05.339876"
265,9,19,3,0,3,"2026-04-04 08:28:41.995403","2026-04-04 08:51:50.357106"
283,8,19,2,1,1,"2026-04-04 08:48:30.175867","2026-04-04 08:48:43.549015"
106,10,19,2,1,1,"2026-03-22 17:38:45.806298","2026-03-28 15:07:13.546991"
247,5,19,1,0,1,"2026-04-03 08:47:39.034278","2026-04-03 08:47:39.034278"
256,7,19,3,0,3,"2026-04-03 18:16:30.472384","2026-04-03 18:16:30.472384"
93,2,19,3,1,1,"2026-03-22 08:47:45.80254","2026-03-22 08:47:45.80254"
117,3,22,3,2,0,"2026-03-23 14:02:38.505598","2026-03-23 14:02:38.505598"
126,6,22,1,2,1,"2026-03-28 11:00:55.528831","2026-03-28 11:01:06.010582"
268,9,22,2,2,0,"2026-04-04 08:28:42.477973","2026-04-04 08:51:50.925421"
287,8,22,1,1,0,"2026-04-04 08:48:30.748585","2026-04-04 08:48:43.970559"
324,11,23,3,1,0,"2026-04-04 19:45:10.067697","2026-04-04 19:45:11.623097"
109,10,23,1,0,0,"2026-03-22 17:38:46.616035","2026-03-28 15:07:14.831844"
289,8,23,3,1,0,"2026-04-04 08:48:30.978749","2026-04-04 08:48:44.339288"
250,5,23,1,0,0,"2026-04-03 08:47:40.014569","2026-04-03 08:47:40.014569"
259,7,23,1,0,0,"2026-04-03 18:16:31.305355","2026-04-03 18:16:31.305355"
96,2,23,2,0,0,"2026-03-22 08:47:46.700855","2026-03-22 08:47:46.700855"
382,10,27,0,1,3,"2026-04-08 20:12:19.719466","2026-04-08 20:12:19.719466"
383,10,29,0,1,0,"2026-04-08 20:12:20.310239","2026-04-08 20:12:20.310239"
385,10,33,2,1,3,"2026-04-08 20:12:21.081963","2026-04-08 20:12:21.081963"
342,6,35,2,0,1,"2026-04-07 20:39:56.722016","2026-04-07 20:39:56.722016"
379,3,36,2,2,0,"2026-04-08 17:31:33.402286","2026-04-09 17:35:14.454031"
381,10,24,1,0,0,"2026-04-08 20:12:19.2315","2026-04-08 20:12:19.2315"
380,3,37,1,3,1,"2026-04-08 17:31:33.736756","2026-04-09 17:35:14.75713"
384,10,32,1,1,0,"2026-04-08 20:12:20.582871","2026-04-08 20:12:20.582871"
378,3,35,1,2,0,"2026-04-08 17:31:33.213397","2026-04-09 17:35:14.192838"
338,6,29,2,2,0,"2026-04-07 20:39:55.389082","2026-04-07 20:39:55.389082"
339,6,32,1,0,0,"2026-04-07 20:39:55.638002","2026-04-07 20:39:55.638002"
331,7,33,2,0,1,"2026-04-07 20:34:22.791415","2026-04-07 20:34:22.791415"
344,6,37,0,3,1,"2026-04-07 20:39:57.75616","2026-04-07 20:39:57.75616"
343,6,36,1,1,0,"2026-04-07 20:39:57.199885","2026-04-07 20:39:57.199885"
341,6,34,1,1,0,"2026-04-07 20:39:56.313345","2026-04-07 20:39:56.313345"
336,6,24,2,1,0,"2026-04-07 20:39:54.575923","2026-04-07 20:39:54.575923"
327,7,24,1,1,3,"2026-04-07 20:34:21.245143","2026-04-07 20:34:21.245143"
345,8,24,1,1,3,"2026-04-08 08:52:36.391943","2026-04-08 08:52:39.14056"
337,6,27,0,2,1,"2026-04-07 20:39:55.032767","2026-04-07 20:39:55.032767"
328,7,27,2,2,0,"2026-04-07 20:34:21.751929","2026-04-07 20:34:21.751929"
346,8,27,2,2,0,"2026-04-08 08:52:36.853487","2026-04-08 08:52:39.355797"
373,3,27,2,3,3,"2026-04-08 17:31:31.942975","2026-04-09 17:35:12.342071"
329,7,29,2,2,0,"2026-04-07 20:34:22.105763","2026-04-07 20:34:22.105763"
347,8,29,1,2,0,"2026-04-08 08:52:37.24626","2026-04-08 08:52:39.726204"
374,3,29,2,3,0,"2026-04-08 17:31:32.133568","2026-04-09 17:35:12.561938"
330,7,32,0,1,5,"2026-04-07 20:34:22.379565","2026-04-07 20:34:22.379565"
348,8,32,1,3,1,"2026-04-08 08:52:37.491635","2026-04-08 08:52:40.127212"
375,3,32,1,1,0,"2026-04-08 17:31:32.491061","2026-04-09 17:35:12.951083"
349,8,33,2,1,3,"2026-04-08 08:52:37.706847","2026-04-08 08:52:40.349054"
376,3,33,2,2,0,"2026-04-08 17:31:32.837646","2026-04-09 17:35:13.366402"
335,7,37,5,0,0,"2026-04-07 20:34:24.362367","2026-04-07 20:34:24.362367"
357,8,37,4,0,0,"2026-04-08 08:52:38.90417","2026-04-08 08:52:41.236723"
332,7,34,1,2,0,"2026-04-07 20:34:23.18872","2026-04-07 20:34:23.18872"
351,8,34,1,3,0,"2026-04-08 08:52:37.923892","2026-04-08 08:52:40.565967"
333,7,35,3,0,1,"2026-04-07 20:34:23.553484","2026-04-07 20:34:23.553484"
353,8,35,2,0,1,"2026-04-08 08:52:38.289128","2026-04-08 08:52:40.777459"
334,7,36,2,1,0,"2026-04-07 20:34:24.053198","2026-04-07 20:34:24.053198"
354,8,36,1,2,3,"2026-04-08 08:52:38.522311","2026-04-08 08:52:41.02072"
482,10,40,1,1,5,"2026-04-14 19:53:53.22401","2026-04-14 19:53:55.591526"
483,10,41,2,1,0,"2026-04-14 19:53:53.618983","2026-04-14 19:53:55.998095"
484,10,42,1,1,0,"2026-04-14 19:53:54.02697","2026-04-14 19:53:56.231493"
485,10,43,0,0,0,"2026-04-14 19:53:54.298398","2026-04-14 19:53:56.448206"
486,10,44,0,2,0,"2026-04-14 19:53:54.739101","2026-04-14 19:53:56.826519"
458,7,45,1,1,0,"2026-04-14 07:54:40.992769","2026-04-14 07:54:40.992769"
459,7,46,2,0,1,"2026-04-14 07:54:41.239949","2026-04-14 07:54:41.239949"
460,7,47,2,0,3,"2026-04-14 07:54:41.551444","2026-04-14 07:54:41.551444"
461,7,48,0,1,0,"2026-04-14 07:54:41.866185","2026-04-14 07:54:41.866185"
453,7,40,2,1,0,"2026-04-14 07:54:38.897892","2026-04-14 07:54:38.897892"
454,7,41,2,0,0,"2026-04-14 07:54:39.367116","2026-04-14 07:54:39.367116"
455,7,42,2,0,3,"2026-04-14 07:54:39.725397","2026-04-14 07:54:39.725397"
456,7,43,0,0,0,"2026-04-14 07:54:40.118378","2026-04-14 07:54:40.118378"
457,7,44,1,1,0,"2026-04-14 07:54:40.574855","2026-04-14 07:54:40.574855"
390,9,24,2,2,5,"2026-04-09 17:34:14.263042","2026-04-09 17:34:16.695139"
372,3,24,2,3,0,"2026-04-08 17:31:31.594818","2026-04-09 17:35:11.951398"
417,4,24,2,1,0,"2026-04-10 07:34:51.462626","2026-04-10 07:34:51.462626"
426,5,24,0,1,0,"2026-04-10 18:22:46.600844","2026-04-10 18:22:46.600844"
418,4,27,2,1,0,"2026-04-10 07:34:51.929999","2026-04-10 07:34:51.929999"
427,5,27,0,1,3,"2026-04-10 18:22:47.005678","2026-04-10 18:22:47.005678"
391,9,27,1,3,1,"2026-04-09 17:34:14.606528","2026-04-11 10:16:11.674254"
419,4,29,1,2,0,"2026-04-10 07:34:52.350044","2026-04-10 07:34:52.350044"
428,5,29,1,0,1,"2026-04-10 18:22:47.240691","2026-04-10 18:22:47.240691"
392,9,29,1,1,0,"2026-04-09 17:34:14.910513","2026-04-11 10:16:11.861219"
420,4,32,3,1,0,"2026-04-10 07:34:52.855789","2026-04-10 07:34:52.855789"
429,5,32,1,0,0,"2026-04-10 18:22:47.485517","2026-04-10 18:22:47.485517"
393,9,32,2,2,0,"2026-04-09 17:34:15.411686","2026-04-11 10:16:12.046716"
340,6,33,2,1,3,"2026-04-07 20:39:56.030572","2026-04-07 20:39:56.030572"
421,4,33,2,3,0,"2026-04-10 07:34:53.250082","2026-04-10 07:34:53.250082"
430,5,33,1,0,5,"2026-04-10 18:22:47.896823","2026-04-10 18:22:47.896823"
394,9,33,2,0,1,"2026-04-09 17:34:15.778293","2026-04-11 10:16:12.376965"
389,10,37,1,3,1,"2026-04-08 20:12:22.73009","2026-04-08 20:12:22.73009"
425,4,37,1,1,0,"2026-04-10 07:34:55.192679","2026-04-10 07:34:55.192679"
434,5,37,0,3,1,"2026-04-10 18:22:49.321483","2026-04-10 18:22:49.321483"
399,9,37,1,0,0,"2026-04-09 17:34:16.826664","2026-04-11 10:16:13.309518"
386,10,34,0,0,0,"2026-04-08 20:12:21.633392","2026-04-08 20:12:21.633392"
377,3,34,1,2,0,"2026-04-08 17:31:33.025383","2026-04-09 17:35:13.786983"
422,4,34,1,1,0,"2026-04-10 07:34:53.977935","2026-04-10 07:34:53.977935"
431,5,34,1,0,1,"2026-04-10 18:22:48.440159","2026-04-10 18:22:48.440159"
395,9,34,1,2,0,"2026-04-09 17:34:16.078987","2026-04-11 10:16:12.561431"
387,10,35,1,1,0,"2026-04-08 20:12:22.038924","2026-04-08 20:12:22.038924"
423,4,35,2,2,0,"2026-04-10 07:34:54.381392","2026-04-10 07:34:54.381392"
432,5,35,1,0,1,"2026-04-10 18:22:48.683363","2026-04-10 18:22:48.683363"
396,9,35,2,1,1,"2026-04-09 17:34:16.441305","2026-04-11 10:16:12.898007"
388,10,36,3,2,0,"2026-04-08 20:12:22.416672","2026-04-08 20:12:22.416672"
424,4,36,2,1,0,"2026-04-10 07:34:54.784434","2026-04-10 07:34:54.784434"
433,5,36,0,1,5,"2026-04-10 18:22:49.074922","2026-04-10 18:22:49.074922"
397,9,36,2,3,3,"2026-04-09 17:34:16.634132","2026-04-11 10:16:13.119884"
451,12,36,1,0,0,"2026-04-12 18:05:13.972164","2026-04-12 18:05:13.972164"
452,13,36,3,1,0,"2026-04-12 19:00:34.81436","2026-04-12 19:00:34.81436"
506,12,45,1,1,0,"2026-04-15 19:54:05.632258","2026-04-15 19:54:05.632258"
507,12,46,1,0,3,"2026-04-15 19:54:06.025122","2026-04-15 19:54:06.025122"
508,12,47,2,1,1,"2026-04-15 19:54:06.345632","2026-04-15 19:54:06.345632"
509,12,48,0,1,0,"2026-04-15 19:54:06.797385","2026-04-15 19:54:06.797385"
519,8,40,2,1,0,"2026-04-16 19:42:51.567084","2026-04-16 19:44:46.042791"
521,8,42,2,1,1,"2026-04-16 19:42:52.317595","2026-04-16 19:44:46.478887"
500,4,40,1,1,5,"2026-04-15 08:02:23.146588","2026-04-17 13:01:32.3134"
583,14,41,2,0,0,"2026-04-16 20:05:54.808341","2026-04-16 20:05:56.857755"
584,14,42,2,1,1,"2026-04-16 20:05:55.252652","2026-04-16 20:05:57.058495"
585,14,43,1,0,0,"2026-04-16 20:05:55.481372","2026-04-16 20:05:57.435929"
568,9,44,2,1,5,"2026-04-16 20:04:09.989803","2026-04-16 20:04:09.989803"
569,9,45,3,3,0,"2026-04-16 20:04:10.216759","2026-04-16 20:04:10.216759"
570,9,46,2,0,1,"2026-04-16 20:04:10.45094","2026-04-16 20:04:10.45094"
571,9,47,3,1,3,"2026-04-16 20:04:10.670029","2026-04-16 20:04:10.670029"
572,9,48,2,2,3,"2026-04-16 20:04:11.060899","2026-04-16 20:04:11.060899"
574,6,41,2,1,0,"2026-04-16 20:05:25.30867","2026-04-16 20:06:13.993351"
575,6,42,1,0,1,"2026-04-16 20:05:25.67354","2026-04-16 20:06:14.359998"
576,6,43,2,2,0,"2026-04-16 20:05:25.931483","2026-04-16 20:06:14.571292"
577,6,44,1,2,0,"2026-04-16 20:05:26.296191","2026-04-16 20:06:14.931949"
578,6,45,1,2,1,"2026-04-16 20:05:26.51571","2026-04-16 20:06:15.146012"
579,6,46,0,1,0,"2026-04-16 20:05:26.733111","2026-04-16 20:06:15.383995"
518,5,48,1,0,0,"2026-04-16 19:40:25.638715","2026-04-17 19:44:00.789906"
464,3,42,3,2,1,"2026-04-14 12:30:28.257551","2026-04-14 12:31:15.620561"
514,5,44,1,0,3,"2026-04-16 19:40:24.244661","2026-04-17 19:43:59.841322"
515,5,45,1,0,0,"2026-04-16 19:40:24.471851","2026-04-17 19:44:00.07985"
469,3,47,2,1,1,"2026-04-14 12:30:29.355892","2026-04-14 12:31:17.005154"
517,5,47,2,0,3,"2026-04-16 19:40:25.253814","2026-04-17 19:44:00.556774"
511,5,41,1,0,0,"2026-04-16 19:40:23.370483","2026-04-17 19:43:59.010253"
512,5,42,0,1,0,"2026-04-16 19:40:23.746155","2026-04-17 19:43:59.238697"
513,5,43,0,1,3,"2026-04-16 19:40:23.993883","2026-04-17 19:43:59.610204"
462,3,40,3,3,3,"2026-04-14 12:30:27.727379","2026-04-14 12:31:15.089184"
470,3,48,1,2,0,"2026-04-14 12:30:29.548115","2026-04-14 12:31:17.194672"
463,3,41,4,1,0,"2026-04-14 12:30:28.070675","2026-04-14 12:31:15.433888"
467,3,45,1,4,1,"2026-04-14 12:30:28.830127","2026-04-14 12:31:16.478594"
465,3,43,2,0,0,"2026-04-14 12:30:28.445953","2026-04-14 12:31:15.950258"
466,3,44,1,3,0,"2026-04-14 12:30:28.635026","2026-04-14 12:31:16.138829"
468,3,46,4,2,1,"2026-04-14 12:30:29.015956","2026-04-14 12:31:16.816641"
501,12,40,1,0,0,"2026-04-15 19:54:03.81658","2026-04-15 19:54:03.81658"
480,9,40,2,1,0,"2026-04-14 16:13:17.122813","2026-04-16 20:04:08.81949"
503,12,42,2,3,0,"2026-04-15 19:54:04.753653","2026-04-15 19:54:04.753653"
481,9,42,3,2,1,"2026-04-14 16:13:17.326177","2026-04-16 20:04:09.415466"
504,12,43,2,1,0,"2026-04-15 19:54:05.0232","2026-04-15 19:54:05.0232"
567,9,43,1,1,0,"2026-04-16 20:04:09.77666","2026-04-16 20:04:09.77666"
522,8,43,1,1,0,"2026-04-16 19:42:52.782107","2026-04-16 19:44:46.693827"
505,12,44,0,1,0,"2026-04-15 19:54:05.382547","2026-04-15 19:54:05.382547"
523,8,44,3,2,3,"2026-04-16 19:42:53.257045","2026-04-16 19:44:47.060794"
586,14,44,1,2,0,"2026-04-16 20:05:55.824006","2026-04-16 20:05:57.635674"
502,12,41,3,0,0,"2026-04-15 19:54:04.230514","2026-04-15 19:54:04.230514"
565,9,41,3,0,0,"2026-04-16 20:04:09.184138","2026-04-16 20:04:09.184138"
520,8,41,2,1,0,"2026-04-16 19:42:52.062121","2026-04-16 19:44:46.260561"
487,10,45,1,2,1,"2026-04-14 19:53:55.01037","2026-04-14 19:53:57.312092"
525,8,45,0,0,0,"2026-04-16 19:42:53.478311","2026-04-16 19:44:47.288402"
587,14,45,1,1,0,"2026-04-16 20:05:56.238459","2026-04-16 20:05:57.861896"
488,10,46,1,1,0,"2026-04-14 19:53:55.311658","2026-04-14 19:53:57.551122"
526,8,46,1,2,0,"2026-04-16 19:42:53.692168","2026-04-16 19:44:47.537792"
588,14,46,2,1,5,"2026-04-16 20:05:56.513506","2026-04-16 20:05:58.061291"
490,10,47,2,0,3,"2026-04-14 19:53:55.606477","2026-04-14 19:53:57.867493"
528,8,47,3,1,3,"2026-04-16 19:42:53.923165","2026-04-16 19:44:47.754937"
580,6,47,2,0,3,"2026-04-16 20:05:27.212812","2026-04-16 20:06:15.597556"
491,10,48,0,1,0,"2026-04-14 19:53:55.852956","2026-04-14 19:53:58.170341"
530,8,48,1,1,5,"2026-04-16 19:42:54.192308","2026-04-16 19:44:48.181501"
581,6,48,2,1,0,"2026-04-16 20:05:27.424169","2026-04-16 20:06:15.808166"
782,7,54,1,1,5,"2026-04-24 17:40:20.763498","2026-04-24 17:40:20.763498"
666,3,55,1,0,0,"2026-04-19 20:41:29.570909","2026-04-19 20:41:29.570909"
582,14,40,2,0,0,"2026-04-16 20:05:54.402587","2026-04-16 20:05:56.644627"
573,6,40,1,1,5,"2026-04-16 20:05:24.947744","2026-04-16 20:06:13.614856"
510,5,40,0,1,0,"2026-04-16 19:40:23.137994","2026-04-17 19:43:58.784765"
692,12,56,1,1,5,"2026-04-21 16:27:44.399161","2026-04-21 16:27:44.399161"
679,4,57,2,1,1,"2026-04-21 08:07:06.93306","2026-04-21 08:07:06.93306"
620,4,42,1,0,1,"2026-04-17 13:01:32.92738","2026-04-17 13:01:32.92738"
621,4,43,1,1,0,"2026-04-17 13:01:33.296731","2026-04-17 13:01:33.296731"
622,4,44,1,2,0,"2026-04-17 13:01:33.721899","2026-04-17 13:01:33.721899"
619,4,41,2,1,0,"2026-04-17 13:01:32.707571","2026-04-17 13:01:32.707571"
623,4,45,1,1,0,"2026-04-17 13:01:34.099465","2026-04-17 13:01:34.099465"
516,5,46,1,0,3,"2026-04-16 19:40:24.868436","2026-04-17 19:44:00.31092"
624,4,46,1,1,0,"2026-04-17 13:01:34.499829","2026-04-19 15:22:14.946347"
590,14,47,3,1,3,"2026-04-16 20:05:56.721917","2026-04-16 20:05:58.262795"
625,4,47,3,1,3,"2026-04-17 13:01:34.929943","2026-04-19 15:22:15.338325"
592,14,48,3,1,0,"2026-04-16 20:05:56.956572","2026-04-16 20:05:58.479505"
626,4,48,1,1,5,"2026-04-17 13:01:35.35007","2026-04-19 15:22:15.547269"
775,5,49,3,0,1,"2026-04-24 14:46:42.631948","2026-04-24 18:41:07.056387"
695,10,50,1,1,3,"2026-04-21 20:05:48.636546","2026-04-21 20:05:48.636546"
768,8,51,2,4,1,"2026-04-24 14:45:49.689843","2026-04-24 14:45:49.689843"
706,9,52,0,2,0,"2026-04-24 13:23:12.894041","2026-04-24 13:23:15.109562"
770,8,53,1,1,0,"2026-04-24 14:45:50.536889","2026-04-24 14:45:50.536889"
766,8,49,1,1,0,"2026-04-24 14:45:48.862972","2026-04-24 14:45:48.862972"
670,6,49,2,1,1,"2026-04-21 07:43:31.581573","2026-04-24 20:21:26.532154"
673,4,51,0,2,1,"2026-04-21 08:07:05.628794","2026-04-21 08:07:37.835327"
687,12,51,0,3,1,"2026-04-21 16:27:43.183151","2026-04-21 16:27:43.183151"
780,7,52,0,1,0,"2026-04-24 17:40:20.207368","2026-04-24 17:40:20.207368"
704,9,50,2,2,3,"2026-04-24 13:23:12.254655","2026-04-24 13:23:14.624592"
675,4,53,1,2,5,"2026-04-21 08:07:06.083427","2026-04-21 08:07:38.621778"
663,3,52,2,4,0,"2026-04-19 20:41:28.837899","2026-04-19 20:41:28.837899"
709,9,54,1,3,0,"2026-04-24 13:23:13.501796","2026-04-24 13:23:15.546128"
689,12,53,0,3,1,"2026-04-21 16:27:43.586926","2026-04-21 16:27:43.586926"
665,3,54,2,3,0,"2026-04-19 20:41:29.368128","2026-04-19 20:41:29.368128"
677,4,55,0,0,0,"2026-04-21 08:07:06.513769","2026-04-21 08:07:06.513769"
713,9,56,0,1,0,"2026-04-24 13:23:14.11645","2026-04-24 13:23:16.132454"
756,13,56,1,3,0,"2026-04-24 14:33:34.902028","2026-04-24 14:33:35.715596"
693,12,57,3,2,1,"2026-04-21 16:27:44.773396","2026-04-21 16:27:44.773396"
785,7,57,2,2,0,"2026-04-24 17:40:21.795136","2026-04-24 17:40:21.795136"
740,13,50,1,1,3,"2026-04-24 14:33:32.958907","2026-04-24 14:33:34.22237"
777,7,49,2,0,3,"2026-04-24 17:40:18.956752","2026-04-24 17:40:18.956752"
660,3,49,1,2,0,"2026-04-19 20:41:27.95688","2026-04-19 20:41:27.95688"
669,4,49,1,1,0,"2026-04-20 18:48:15.919753","2026-04-21 08:07:37.025173"
685,12,49,0,0,0,"2026-04-21 16:27:42.447511","2026-04-21 16:27:42.447511"
694,10,49,2,1,1,"2026-04-21 20:05:48.256235","2026-04-21 20:05:48.256235"
739,13,49,2,1,1,"2026-04-24 14:33:32.647993","2026-04-24 14:33:34.010981"
703,9,49,3,1,5,"2026-04-24 13:23:12.016388","2026-04-24 13:23:14.378803"
778,7,50,0,0,5,"2026-04-24 17:40:19.385311","2026-04-24 17:40:19.385311"
661,3,50,3,1,0,"2026-04-19 20:41:28.298213","2026-04-19 20:41:28.298213"
672,4,50,1,1,3,"2026-04-21 08:07:05.251026","2026-04-21 08:07:37.42113"
686,12,50,0,0,5,"2026-04-21 16:27:42.848921","2026-04-21 16:27:42.848921"
787,5,50,1,0,0,"2026-04-24 18:41:07.438043","2026-04-24 18:41:07.438043"
767,8,50,1,1,3,"2026-04-24 14:45:49.293756","2026-04-24 14:45:49.293756"
779,7,51,1,3,1,"2026-04-24 17:40:19.791856","2026-04-24 17:40:19.791856"
662,3,51,2,2,0,"2026-04-19 20:41:28.493385","2026-04-19 20:41:28.493385"
696,10,51,1,2,3,"2026-04-21 20:05:48.914179","2026-04-21 20:05:48.914179"
705,9,51,1,3,1,"2026-04-24 13:23:12.642692","2026-04-24 13:23:14.840713"
741,13,51,0,4,1,"2026-04-24 14:33:33.416779","2026-04-24 14:33:34.510782"
788,5,51,0,2,1,"2026-04-24 18:41:07.822625","2026-04-24 18:41:07.822625"
674,4,52,1,1,0,"2026-04-21 08:07:05.86431","2026-04-21 08:07:38.215987"
688,12,52,0,1,0,"2026-04-21 16:27:43.385918","2026-04-21 16:27:43.385918"
697,10,52,1,2,0,"2026-04-21 20:05:49.363002","2026-04-21 20:05:49.363002"
789,5,52,1,0,1,"2026-04-24 18:41:08.057208","2026-04-24 18:41:08.057208"
744,13,52,0,1,0,"2026-04-24 14:33:33.831052","2026-04-24 14:33:34.716402"
769,8,52,0,2,0,"2026-04-24 14:45:49.939434","2026-04-24 14:45:49.939434"
781,7,53,0,1,3,"2026-04-24 17:40:20.458393","2026-04-24 17:40:20.458393"
664,3,53,1,3,1,"2026-04-19 20:41:29.030473","2026-04-19 20:41:29.030473"
698,10,53,1,1,0,"2026-04-21 20:05:49.794862","2026-04-21 20:05:49.794862"
707,9,53,0,2,1,"2026-04-24 13:23:13.276014","2026-04-24 13:23:15.320381"
790,5,53,0,1,3,"2026-04-24 18:41:08.291037","2026-04-24 18:41:08.291037"
747,13,53,1,2,5,"2026-04-24 14:33:34.027648","2026-04-24 14:33:35.061375"
676,4,54,1,1,5,"2026-04-21 08:07:06.301839","2026-04-21 08:07:06.301839"
690,12,54,0,2,0,"2026-04-21 16:27:43.799748","2026-04-21 16:27:43.799748"
699,10,54,1,2,0,"2026-04-21 20:05:50.036996","2026-04-21 20:05:50.036996"
791,5,54,1,1,5,"2026-04-24 18:41:08.528953","2026-04-24 18:41:08.528953"
750,13,54,0,2,0,"2026-04-24 14:33:34.245299","2026-04-24 14:33:35.313526"
771,8,54,2,3,0,"2026-04-24 14:45:50.775059","2026-04-24 14:45:50.775059"
711,9,55,0,0,0,"2026-04-24 13:23:13.88196","2026-04-24 13:23:15.914438"
691,12,55,1,0,0,"2026-04-21 16:27:44.160937","2026-04-21 16:27:44.160937"
700,10,55,2,1,0,"2026-04-21 20:05:50.352969","2026-04-21 20:05:50.352969"
783,7,55,1,1,0,"2026-04-24 17:40:21.072031","2026-04-24 17:40:21.072031"
776,5,55,0,1,3,"2026-04-24 14:46:43.028572","2026-04-24 18:41:08.915548"
753,13,55,3,1,0,"2026-04-24 14:33:34.667776","2026-04-24 14:33:35.514225"
772,8,55,1,2,5,"2026-04-24 14:45:50.98757","2026-04-24 14:45:50.98757"
796,14,55,2,1,0,"2026-04-25 16:54:24.296796","2026-04-25 16:54:24.296796"
793,5,56,1,0,0,"2026-04-24 18:41:09.151554","2026-04-24 18:41:09.151554"
773,8,56,1,2,0,"2026-04-24 14:45:51.200714","2026-04-24 14:45:51.200714"
797,14,56,2,0,0,"2026-04-25 16:54:24.587777","2026-04-25 16:54:24.587777"
702,10,57,2,1,1,"2026-04-21 20:05:51.083298","2026-04-21 20:05:51.083298"
716,9,57,1,2,0,"2026-04-24 13:23:14.352914","2026-04-24 13:23:16.365429"
794,5,57,2,0,1,"2026-04-24 18:41:09.529552","2026-04-24 18:41:09.529552"
668,3,57,2,4,0,"2026-04-19 20:41:30.249112","2026-04-19 20:41:30.249112"
758,13,57,2,1,1,"2026-04-24 14:33:35.098531","2026-04-24 14:33:35.913316"
774,8,57,1,2,0,"2026-04-24 14:45:51.413147","2026-04-24 14:45:51.413147"
798,14,57,3,1,1,"2026-04-25 16:54:24.766038","2026-04-25 16:54:24.766038"
667,3,56,0,1,0,"2026-04-19 20:41:29.910409","2026-04-19 20:41:29.910409"
678,4,56,1,1,5,"2026-04-21 08:07:06.730497","2026-04-21 08:07:06.730497"
701,10,56,2,1,0,"2026-04-21 20:05:50.781013","2026-04-21 20:05:50.781013"
784,7,56,1,1,5,"2026-04-24 17:40:21.525783","2026-04-24 17:40:21.525783"
808,3,68,2,3,0,"2026-04-26 21:27:41.39797","2026-04-26 21:27:41.39797"
800,3,58,2,2,0,"2026-04-26 21:27:39.439599","2026-04-26 21:27:39.439599"
804,3,62,2,2,5,"2026-04-26 21:27:40.497857","2026-04-26 21:27:40.497857"
801,3,59,2,3,0,"2026-04-26 21:27:39.629705","2026-04-26 21:27:39.629705"
802,3,60,4,1,0,"2026-04-26 21:27:39.963942","2026-04-26 21:27:39.963942"
811,12,60,3,2,0,"2026-04-27 19:08:36.873425","2026-04-27 19:08:40.480021"
803,3,61,2,1,0,"2026-04-26 21:27:40.308198","2026-04-26 21:27:40.308198"
812,12,61,1,2,1,"2026-04-27 19:08:37.094512","2026-04-27 19:08:40.847319"
813,12,62,3,1,0,"2026-04-27 19:08:37.335138","2026-04-27 19:08:41.091596"
810,12,59,1,0,0,"2026-04-27 19:08:36.469809","2026-04-27 19:08:40.254381"
805,3,65,2,2,0,"2026-04-26 21:27:40.686089","2026-04-26 21:27:40.686089"
806,3,66,2,4,0,"2026-04-26 21:27:41.021927","2026-04-26 21:27:41.021927"
807,3,67,3,1,0,"2026-04-26 21:27:41.20725","2026-04-26 21:27:41.20725"
854,14,67,1,2,0,"2026-04-28 21:00:38.077604","2026-04-28 21:00:39.80697"
928,13,67,2,2,3,"2026-05-03 08:57:05.580403","2026-05-03 08:57:05.580403"
871,4,68,1,1,0,"2026-04-29 17:14:11.627808","2026-04-29 17:14:11.627808"
880,5,68,0,1,0,"2026-04-30 17:09:54.194354","2026-04-30 17:09:59.433972"
903,7,68,2,2,0,"2026-05-01 09:25:50.458682","2026-05-01 09:25:51.595542"
916,6,68,1,1,0,"2026-05-01 18:46:49.101142","2026-05-01 18:46:51.591662"
870,4,67,1,1,5,"2026-04-29 17:14:11.406502","2026-04-29 17:14:11.406502"
879,5,67,1,0,0,"2026-04-30 17:09:53.952647","2026-04-30 17:09:59.194856"
814,12,65,1,2,5,"2026-04-27 19:08:37.542477","2026-04-27 19:08:41.30084"
832,9,65,2,1,0,"2026-04-28 17:56:49.610121","2026-04-28 17:56:49.610121"
841,10,65,1,2,5,"2026-04-28 20:01:49.326904","2026-04-28 20:01:49.326904"
926,13,65,1,2,5,"2026-05-03 08:57:04.962771","2026-05-03 08:57:04.962771"
850,14,65,1,0,0,"2026-04-28 21:00:37.115322","2026-04-28 21:00:38.952729"
900,7,67,2,0,0,"2026-05-01 09:25:50.012611","2026-05-01 09:25:51.325097"
915,6,67,2,2,3,"2026-05-01 18:46:48.852174","2026-05-01 18:46:51.378027"
868,4,65,1,1,0,"2026-04-29 17:14:10.756848","2026-04-29 17:14:10.756848"
877,5,65,1,0,0,"2026-04-30 17:09:53.472514","2026-04-30 17:09:58.553779"
896,7,65,2,1,0,"2026-05-01 09:25:49.437391","2026-05-01 09:25:50.597868"
913,6,65,1,0,0,"2026-05-01 18:46:48.204059","2026-05-01 18:46:50.921725"
815,12,66,2,3,0,"2026-04-27 19:08:37.906288","2026-04-27 19:08:41.558642"
833,9,66,0,0,0,"2026-04-28 17:56:49.846185","2026-04-28 17:56:49.846185"
842,10,66,1,2,0,"2026-04-28 20:01:49.627767","2026-04-28 20:01:49.627767"
927,13,66,1,3,0,"2026-05-03 08:57:05.34911","2026-05-03 08:57:05.34911"
851,14,66,2,2,0,"2026-04-28 21:00:37.641059","2026-04-28 21:00:39.319895"
869,4,66,1,2,0,"2026-04-29 17:14:11.184328","2026-04-29 17:14:11.184328"
829,9,60,5,0,0,"2026-04-28 17:56:48.77879","2026-04-28 17:56:48.77879"
838,10,60,4,0,0,"2026-04-28 20:01:48.453728","2026-04-28 20:01:48.453728"
847,14,60,1,0,0,"2026-04-28 21:00:36.063179","2026-04-28 21:00:38.278374"
865,4,60,3,1,0,"2026-04-29 17:14:09.941978","2026-04-29 17:14:09.941978"
874,5,60,2,0,0,"2026-04-30 17:09:52.742603","2026-04-30 17:09:57.832902"
892,7,60,3,1,0,"2026-05-01 09:25:48.129876","2026-05-01 09:25:49.872853"
910,6,60,3,1,0,"2026-05-01 18:46:47.187952","2026-05-01 18:46:50.25085"
809,12,58,1,2,5,"2026-04-27 19:08:36.178919","2026-04-27 19:08:40.006408"
827,9,58,3,1,0,"2026-04-28 17:56:48.171776","2026-04-28 17:56:48.171776"
836,10,58,2,1,0,"2026-04-28 20:01:47.602067","2026-04-28 20:01:47.602067"
845,14,58,2,1,0,"2026-04-28 21:00:35.068795","2026-04-28 21:00:37.86365"
863,4,58,2,1,0,"2026-04-29 17:14:09.463842","2026-04-29 17:14:09.463842"
872,5,58,1,0,0,"2026-04-30 17:09:52.069796","2026-04-30 17:09:57.352183"
890,7,58,1,0,0,"2026-05-01 09:25:47.138958","2026-05-01 09:25:49.175724"
908,6,58,2,0,0,"2026-05-01 18:46:46.573751","2026-05-01 18:46:49.654244"
830,9,61,1,0,0,"2026-04-28 17:56:48.996125","2026-04-28 17:56:48.996125"
839,10,61,1,1,0,"2026-04-28 20:01:48.720401","2026-04-28 20:01:48.720401"
848,14,61,1,2,1,"2026-04-28 21:00:36.401425","2026-04-28 21:00:38.496142"
866,4,61,1,1,0,"2026-04-29 17:14:10.170632","2026-04-29 17:14:10.170632"
875,5,61,1,0,0,"2026-04-30 17:09:52.994377","2026-04-30 17:09:58.080811"
893,7,61,2,0,0,"2026-05-01 09:25:48.646704","2026-05-01 09:25:50.103942"
911,6,61,2,1,0,"2026-05-01 18:46:47.439787","2026-05-01 18:46:50.488848"
831,9,62,2,1,0,"2026-04-28 17:56:49.389943","2026-04-28 17:56:49.389943"
840,10,62,1,2,0,"2026-04-28 20:01:49.033489","2026-04-28 20:01:49.033489"
849,14,62,0,2,0,"2026-04-28 21:00:36.774449","2026-04-28 21:00:38.745602"
867,4,62,1,1,3,"2026-04-29 17:14:10.388912","2026-04-29 17:14:10.388912"
876,5,62,1,0,0,"2026-04-30 17:09:53.232777","2026-04-30 17:09:58.317201"
894,7,62,2,1,0,"2026-05-01 09:25:49.006347","2026-05-01 09:25:50.33584"
912,6,62,2,1,0,"2026-05-01 18:46:47.818952","2026-05-01 18:46:50.702174"
828,9,59,2,2,3,"2026-04-28 17:56:48.554261","2026-04-28 17:56:48.554261"
837,10,59,1,2,0,"2026-04-28 20:01:48.039279","2026-04-28 20:01:48.039279"
846,14,59,1,3,0,"2026-04-28 21:00:35.555564","2026-04-28 21:00:38.07014"
864,4,59,1,1,3,"2026-04-29 17:14:09.728744","2026-04-29 17:14:09.728744"
873,5,59,1,0,0,"2026-04-30 17:09:52.316186","2026-04-30 17:09:57.598325"
891,7,59,1,1,3,"2026-05-01 09:25:47.623728","2026-05-01 09:25:49.502676"
909,6,59,0,2,0,"2026-05-01 18:46:46.800863","2026-05-01 18:46:49.873808"
817,12,68,0,1,0,"2026-04-27 19:08:38.624659","2026-04-27 19:08:42.106344"
835,9,68,2,3,0,"2026-04-28 17:56:50.587102","2026-04-28 17:56:50.587102"
844,10,68,1,2,0,"2026-04-28 20:01:50.396688","2026-04-28 20:01:50.396688"
856,14,68,1,1,0,"2026-04-28 21:00:38.295101","2026-04-28 21:00:40.081448"
878,5,66,0,1,0,"2026-04-30 17:09:53.711516","2026-04-30 17:09:58.946515"
898,7,66,1,1,0,"2026-05-01 09:25:49.701071","2026-05-01 09:25:50.931623"
914,6,66,0,2,0,"2026-05-01 18:46:48.442358","2026-05-01 18:46:51.14106"
816,12,67,1,1,5,"2026-04-27 19:08:38.218426","2026-04-27 19:08:41.776177"
834,9,67,2,0,0,"2026-04-28 17:56:50.268184","2026-04-28 17:56:50.268184"
843,10,67,1,1,5,"2026-04-28 20:01:49.953821","2026-04-28 20:01:49.953821"
1059,9,74,1,3,1,"2026-05-06 17:16:06.793972","2026-05-06 17:16:08.915574"
1058,9,73,0,1,0,"2026-05-06 17:16:06.584025","2026-05-06 17:16:08.722436"
1056,9,71,2,3,0,"2026-05-06 17:16:06.186631","2026-05-06 17:16:08.350999"
1057,9,72,1,1,0,"2026-05-06 17:16:06.385808","2026-05-06 17:16:08.536603"
938,12,69,1,3,0,"2026-05-04 15:10:42.758916","2026-05-04 15:10:42.758916"
1055,9,70,2,2,0,"2026-05-06 17:16:05.979069","2026-05-06 17:16:08.147347"
1060,9,75,1,3,0,"2026-05-06 17:16:07.000936","2026-05-06 17:16:09.106407"
1061,9,76,2,0,0,"2026-05-06 17:16:07.2036","2026-05-06 17:16:09.296797"
940,12,71,1,1,0,"2026-05-04 15:10:43.465113","2026-05-04 15:10:43.465113"
941,12,72,1,0,1,"2026-05-04 15:10:43.925236","2026-05-04 15:10:43.925236"
942,12,73,2,0,1,"2026-05-04 15:10:44.434788","2026-05-04 15:10:44.434788"
943,12,74,2,3,3,"2026-05-04 15:10:44.864048","2026-05-04 15:10:44.864048"
944,12,75,3,2,5,"2026-05-04 15:10:45.102933","2026-05-04 15:10:45.102933"
936,3,76,3,0,0,"2026-05-03 20:38:44.701188","2026-05-03 20:38:44.701188"
937,3,77,2,1,0,"2026-05-03 20:38:44.885322","2026-05-03 20:38:44.885322"
929,3,69,2,2,0,"2026-05-03 20:38:42.810953","2026-05-03 20:38:42.810953"
947,4,69,2,1,3,"2026-05-05 10:37:16.009167","2026-05-05 10:37:16.009167"
939,12,70,3,4,0,"2026-05-04 15:10:43.2125","2026-05-04 15:10:43.2125"
930,3,70,3,2,1,"2026-05-03 20:38:43.144746","2026-05-03 20:38:43.144746"
948,4,70,1,1,0,"2026-05-05 10:37:16.268898","2026-05-05 10:37:16.268898"
956,8,70,1,2,0,"2026-05-05 18:41:46.854581","2026-05-08 14:43:31.403457"
931,3,71,0,2,0,"2026-05-03 20:38:43.480504","2026-05-03 20:38:43.480504"
949,4,71,1,1,0,"2026-05-05 10:37:16.476861","2026-05-05 10:37:16.476861"
957,8,71,1,2,0,"2026-05-05 18:41:47.173675","2026-05-08 14:43:31.60609"
932,3,72,2,2,0,"2026-05-03 20:38:43.814902","2026-05-03 20:38:43.814902"
950,4,72,1,1,0,"2026-05-05 10:37:16.687155","2026-05-05 10:37:16.687155"
958,8,72,1,0,1,"2026-05-05 18:41:47.410665","2026-05-08 14:43:31.852312"
933,3,73,2,1,5,"2026-05-03 20:38:44.148833","2026-05-03 20:38:44.148833"
951,4,73,1,1,0,"2026-05-05 10:37:16.884196","2026-05-05 10:37:16.884196"
959,8,73,1,2,0,"2026-05-05 18:41:47.647967","2026-05-08 14:43:32.065741"
934,3,74,1,3,1,"2026-05-03 20:38:44.332741","2026-05-03 20:38:44.332741"
960,8,74,2,4,1,"2026-05-05 18:41:47.914397","2026-05-08 14:43:32.276749"
935,3,75,2,4,0,"2026-05-03 20:38:44.515395","2026-05-03 20:38:44.515395"
953,4,75,1,1,0,"2026-05-05 10:37:17.26701","2026-05-05 10:37:17.26701"
961,8,75,1,2,0,"2026-05-05 18:41:48.153118","2026-05-08 14:43:32.606154"
945,12,76,1,0,0,"2026-05-04 15:10:45.320615","2026-05-04 15:10:45.320615"
954,4,76,1,1,0,"2026-05-05 10:37:17.465965","2026-05-05 10:37:17.465965"
962,8,76,2,2,0,"2026-05-05 18:41:48.585997","2026-05-08 14:43:32.877338"
946,12,77,2,1,0,"2026-05-04 15:10:45.529857","2026-05-04 15:10:45.529857"
955,4,77,1,1,0,"2026-05-05 10:37:17.657109","2026-05-05 10:37:17.657109"
963,8,77,1,2,1,"2026-05-05 18:41:48.824295","2026-05-08 14:43:33.087829"
1153,7,78,2,1,0,"2026-05-11 10:57:50.058484","2026-05-11 10:57:50.058484"
1154,7,79,1,1,0,"2026-05-11 10:57:50.390119","2026-05-11 10:57:50.390119"
1155,7,80,0,1,0,"2026-05-11 10:57:50.711309","2026-05-11 10:57:50.711309"
1156,7,81,2,2,0,"2026-05-11 10:57:51.03904","2026-05-11 10:57:51.03904"
1157,7,82,2,0,0,"2026-05-11 10:57:51.315789","2026-05-11 10:57:51.315789"
1158,7,83,1,2,0,"2026-05-11 10:57:51.58996","2026-05-11 10:57:51.58996"
1159,7,84,3,0,0,"2026-05-11 10:57:51.918386","2026-05-11 10:57:51.918386"
1160,7,85,1,1,0,"2026-05-11 10:57:52.198307","2026-05-11 10:57:52.198307"
1161,7,86,2,2,0,"2026-05-11 10:57:52.500596","2026-05-11 10:57:52.500596"
1054,9,69,1,3,0,"2026-05-06 17:16:05.769271","2026-05-06 17:16:07.96415"
1072,10,69,2,1,3,"2026-05-07 07:14:33.088172","2026-05-07 07:14:33.088172"
1081,13,69,0,2,0,"2026-05-07 18:10:39.767693","2026-05-07 18:10:39.767693"
1090,5,69,2,0,1,"2026-05-08 11:09:29.435502","2026-05-08 11:09:31.04866"
964,8,69,2,2,0,"2026-05-05 18:43:47.612502","2026-05-08 14:43:31.196108"
1126,7,69,2,1,3,"2026-05-08 16:54:33.309872","2026-05-08 16:54:33.309872"
1135,6,69,2,0,1,"2026-05-08 16:56:05.174571","2026-05-08 16:56:05.174571"
1073,10,70,2,1,1,"2026-05-07 07:14:33.377418","2026-05-07 07:14:33.377418"
1082,13,70,1,4,0,"2026-05-07 18:10:40.005839","2026-05-07 18:10:40.005839"
1091,5,70,1,1,0,"2026-05-08 11:09:29.64711","2026-05-08 11:09:31.24761"
1127,7,70,2,1,1,"2026-05-08 16:54:33.714283","2026-05-08 16:54:33.714283"
1136,6,70,1,1,0,"2026-05-08 16:56:05.373977","2026-05-08 16:56:05.373977"
1074,10,71,1,1,0,"2026-05-07 07:14:33.782356","2026-05-07 07:14:33.782356"
1083,13,71,2,2,0,"2026-05-07 18:10:40.211041","2026-05-07 18:10:40.211041"
1092,5,71,1,0,5,"2026-05-08 11:09:29.851429","2026-05-08 11:09:31.448593"
1128,7,71,1,1,0,"2026-05-08 16:54:34.12468","2026-05-08 16:54:34.12468"
1137,6,71,0,1,0,"2026-05-08 16:56:05.576575","2026-05-08 16:56:05.576575"
1075,10,72,2,1,1,"2026-05-07 07:14:34.089332","2026-05-07 07:14:34.089332"
1084,13,72,1,1,0,"2026-05-07 18:10:40.385152","2026-05-07 18:10:40.385152"
1093,5,72,1,0,1,"2026-05-08 11:09:30.052113","2026-05-08 11:09:31.672377"
1129,7,72,2,0,3,"2026-05-08 16:54:34.419132","2026-05-08 16:54:34.419132"
1138,6,72,1,2,0,"2026-05-08 16:56:05.768537","2026-05-08 16:56:05.768537"
1076,10,73,2,1,5,"2026-05-07 07:14:34.387957","2026-05-07 07:14:34.387957"
1085,13,73,3,1,1,"2026-05-07 18:10:40.621236","2026-05-07 18:10:40.621236"
1094,5,73,2,0,1,"2026-05-08 11:09:30.263882","2026-05-08 11:09:31.876204"
1130,7,73,1,1,0,"2026-05-08 16:54:34.713597","2026-05-08 16:54:34.713597"
1139,6,73,0,1,0,"2026-05-08 16:56:05.959335","2026-05-08 16:56:05.959335"
952,4,74,1,3,1,"2026-05-05 10:37:17.077458","2026-05-05 10:37:17.077458"
1077,10,74,0,4,1,"2026-05-07 07:14:34.69654","2026-05-07 07:14:34.69654"
1086,13,74,0,5,1,"2026-05-07 18:10:40.819356","2026-05-07 18:10:40.819356"
1095,5,74,0,1,5,"2026-05-08 11:09:30.468324","2026-05-08 11:09:32.099052"
1131,7,74,1,3,1,"2026-05-08 16:54:35.038095","2026-05-08 16:54:35.038095"
1140,6,74,1,1,0,"2026-05-08 16:56:06.163659","2026-05-08 16:56:06.163659"
1078,10,75,2,1,3,"2026-05-07 07:14:35.002111","2026-05-07 07:14:35.002111"
1087,13,75,3,0,1,"2026-05-07 18:10:41.028688","2026-05-07 18:10:41.028688"
1096,5,75,1,0,3,"2026-05-08 11:09:30.674094","2026-05-08 11:09:32.326487"
1132,7,75,1,2,0,"2026-05-08 16:54:35.358458","2026-05-08 16:54:35.358458"
1141,6,75,0,2,0,"2026-05-08 16:56:06.371958","2026-05-08 16:56:06.371958"
1079,10,76,2,1,0,"2026-05-07 07:14:35.311427","2026-05-07 07:14:35.311427"
1088,13,76,2,3,1,"2026-05-07 18:10:41.241771","2026-05-07 18:10:41.241771"
1097,5,76,1,0,0,"2026-05-08 11:09:30.87704","2026-05-08 11:09:32.534117"
1133,7,76,1,0,0,"2026-05-08 16:54:35.64686","2026-05-08 16:54:35.64686"
1142,6,76,1,1,0,"2026-05-08 16:56:06.575611","2026-05-08 16:56:06.575611"
1062,9,77,2,0,0,"2026-05-06 17:16:07.404063","2026-05-06 17:16:09.485767"
1080,10,77,2,1,0,"2026-05-07 07:14:35.62644","2026-05-07 07:14:35.62644"
1089,13,77,1,2,1,"2026-05-07 18:10:41.417065","2026-05-07 18:10:41.417065"
1099,5,77,1,0,0,"2026-05-08 11:09:31.101192","2026-05-08 11:09:32.737066"
1134,7,77,2,0,0,"2026-05-08 16:54:35.971121","2026-05-08 16:54:35.971121"
1143,6,77,2,1,0,"2026-05-08 16:56:06.781514","2026-05-08 16:56:06.781514"
1144,3,78,2,1,0,"2026-05-11 10:31:32.847083","2026-05-11 10:31:32.847083"
1145,3,79,1,2,0,"2026-05-11 10:31:33.036837","2026-05-11 10:31:33.036837"
1146,3,80,1,0,0,"2026-05-11 10:31:33.225771","2026-05-11 10:31:33.225771"
1147,3,81,2,2,0,"2026-05-11 10:31:33.414524","2026-05-11 10:31:33.414524"
1148,3,82,2,3,0,"2026-05-11 10:31:33.600264","2026-05-11 10:31:33.600264"
1149,3,83,2,1,0,"2026-05-11 10:31:33.786249","2026-05-11 10:31:33.786249"
1150,3,84,1,1,0,"2026-05-11 10:31:33.97537","2026-05-11 10:31:33.97537"
1151,3,85,3,1,0,"2026-05-11 10:31:34.163022","2026-05-11 10:31:34.163022"
1152,3,86,3,1,0,"2026-05-11 10:31:34.354021","2026-05-11 10:31:34.354021"
1162,9,78,3,1,0,"2026-05-11 17:07:32.209794","2026-05-11 17:07:34.191443"
1163,9,79,0,1,0,"2026-05-11 17:07:32.529834","2026-05-11 17:07:34.393508"
1164,9,80,1,2,0,"2026-05-11 17:07:32.741686","2026-05-11 17:07:34.59399"
1165,9,81,3,0,0,"2026-05-11 17:07:32.955339","2026-05-11 17:07:34.793505"
1166,9,82,2,1,0,"2026-05-11 17:07:33.196177","2026-05-11 17:07:35.179693"
1167,9,83,1,3,0,"2026-05-11 17:07:33.428799","2026-05-11 17:07:35.376111"
1168,9,84,3,2,0,"2026-05-11 17:07:33.624219","2026-05-11 17:07:35.566164"
1169,9,85,1,1,0,"2026-05-11 17:07:33.814214","2026-05-11 17:07:35.774054"
1170,9,86,2,0,0,"2026-05-11 17:07:34.035763","2026-05-11 17:07:36.000572"
1180,4,78,2,1,0,"2026-05-12 08:37:08.255501","2026-05-12 08:37:08.255501"
1181,4,79,1,1,0,"2026-05-12 08:37:08.551382","2026-05-12 08:37:08.551382"
1182,4,80,1,1,0,"2026-05-12 08:37:08.779217","2026-05-12 08:37:08.779217"
1183,4,81,1,2,0,"2026-05-12 08:37:09.015594","2026-05-12 08:37:09.015594"
1184,4,82,2,1,0,"2026-05-12 08:37:09.262333","2026-05-12 08:37:09.262333"
1185,4,83,1,1,0,"2026-05-12 08:37:09.501518","2026-05-12 08:37:09.501518"
1186,4,84,2,1,0,"2026-05-12 08:37:09.75077","2026-05-12 08:37:09.75077"
1187,4,85,2,1,0,"2026-05-12 08:37:10.007008","2026-05-12 08:37:10.007008"
1188,4,86,1,2,0,"2026-05-12 08:37:10.214028","2026-05-12 08:37:10.214028"
